﻿작업 명,날짜,담당자,상태,선행 작업,후속 작업
파이썬 인스타그램 크롤링 코드 구현,2023년 1월 16일 오후 1:00 → 오후 9:00,신건우[ 학부재학 / 산업경영공학부 ] ‍,완료,,"파이썬 인스타그램 크롤링 (https://www.notion.so/b441e74364d44de5bcdb1b636dc5f4d8?pvs=21), 코드 통합본 ipynb파일 작성 (https://www.notion.so/ipynb-c2ea857865464d43a5d68cc839664a23?pvs=21)"
파이썬 인스타그램 크롤링,2023년 1월 16일 오후 9:00 → 2023년 1월 17일 오전 12:00,신건우[ 학부재학 / 산업경영공학부 ] ‍,완료,파이썬 인스타그램 크롤링 코드 구현 (https://www.notion.so/319fce20375d40e6abe80bcb7f82f32b?pvs=21),태그 데이터 전처리 및 NLP 모델 구축 (https://www.notion.so/NLP-164944e1606044d2a4ff16fc46845751?pvs=21)
보고서 데이터 크롤링 부분 작성,2023년 1월 16일 오후 10:30 → 오후 11:00,신건우[ 학부재학 / 산업경영공학부 ] ‍,완료,,보고서 마무리 (https://www.notion.so/ce978b6730024853b9a3ad68b7f37cce?pvs=21)
파이썬 무신사 태그 정보 크롤링 코드 구현,2023년 1월 17일 오후 1:00 → 오후 4:00,신건우[ 학부재학 / 산업경영공학부 ] ‍,완료,,"파이썬 무신사 태그 정보 크롤링 (https://www.notion.so/454063e5dd0940af84325f3174d542ad?pvs=21), 코드 통합본 ipynb파일 작성 (https://www.notion.so/ipynb-c2ea857865464d43a5d68cc839664a23?pvs=21)"
파이썬 무신사 태그 정보 크롤링,2023년 1월 17일 오후 4:00 → 오후 10:00,신건우[ 학부재학 / 산업경영공학부 ] ‍,완료,파이썬 무신사 태그 정보 크롤링 코드 구현 (https://www.notion.so/5ffbbe89a8b74dc18146922db4cfd256?pvs=21),태그 데이터 전처리 및 NLP 모델 구축 (https://www.notion.so/NLP-164944e1606044d2a4ff16fc46845751?pvs=21)
파이썬 무신사 코디숍 사진 크롤링,2023년 1월 17일 오후 10:00 → 2023년 1월 18일 오전 12:00,서재원[ 학부재학 / 산업경영공학부 ] ‍,완료,,무신사 코디숍 사진 라벨링(1610장) (https://www.notion.so/1610-14601c529f2840ae967b204c47d12093?pvs=21)
무신사 코디숍 사진 라벨링(1610장),2023년 1월 18일 오전 12:30 → 오전 11:00,서재원[ 학부재학 / 산업경영공학부 ] ‍,완료,파이썬 무신사 코디숍 사진 크롤링 (https://www.notion.so/e3b413a4fde843698755c347c3d8699c?pvs=21),"YOLOv5 이용 코디숍 사진 학습 (https://www.notion.so/YOLOv5-6383f1f7e5f74ec0851d68d3ff7a0e79?pvs=21), 코드 통합본 ipynb파일 작성 (https://www.notion.so/ipynb-c2ea857865464d43a5d68cc839664a23?pvs=21)"
YOLOv5 이용 코디숍 사진 학습,2023년 1월 18일 오후 2:00 → 2023년 1월 19일 오전 12:00,서재원[ 학부재학 / 산업경영공학부 ] ‍,완료,무신사 코디숍 사진 라벨링(1610장) (https://www.notion.so/1610-14601c529f2840ae967b204c47d12093?pvs=21),"학습된 YOLOv5 모델 이용 인플루언서 이미지 분류 및 결과 정리 (https://www.notion.so/YOLOv5-828023907814480599bcdde541ae3739?pvs=21), 코드 통합본 ipynb파일 작성 (https://www.notion.so/ipynb-c2ea857865464d43a5d68cc839664a23?pvs=21)"
학습된 YOLOv5 모델 이용 인플루언서 이미지 분류 및 결과 정리,2023년 1월 19일 오전 1:00 → 오전 5:00,서재원[ 학부재학 / 산업경영공학부 ] ‍,완료,YOLOv5 이용 코디숍 사진 학습 (https://www.notion.so/YOLOv5-6383f1f7e5f74ec0851d68d3ff7a0e79?pvs=21),코드 통합본 ipynb파일 작성 (https://www.notion.so/ipynb-c2ea857865464d43a5d68cc839664a23?pvs=21)
보고서 프로젝트 배경 부분 작성,2023년 1월 19일 오후 12:00 → 오후 1:30,신건우[ 학부재학 / 산업경영공학부 ] ‍,완료,,보고서 마무리 (https://www.notion.so/ce978b6730024853b9a3ad68b7f37cce?pvs=21)
PPT 작성 및 검토,2023년 1월 19일 오전 10:00 → 오후 5:00,"서재원[ 학부재학 / 산업경영공학부 ] ‍, 배지환[ 학부재학 / 산업경영공학부 ] ‍, 윤호열[ 학부재학 / 산업경영공학부 ] ‍",진행 중,,PPT 발표 (https://www.notion.so/PPT-c58d53b4798e4b6c81064cffa817007a?pvs=21)
추천시스템 흐름도,2023년 1월 19일 오전 10:00 → 오전 11:45,신건우[ 학부재학 / 산업경영공학부 ] ‍,완료,,"figma 프로토타입 (https://www.notion.so/figma-f7aa046616fa4374976d29516bfdf6fb?pvs=21), 보고서 마무리 (https://www.notion.so/ce978b6730024853b9a3ad68b7f37cce?pvs=21)"
figma 프로토타입,2023년 1월 19일 오후 12:00 → 오후 6:50,윤호열[ 학부재학 / 산업경영공학부 ] ‍,완료,"추천시스템 흐름도 (https://www.notion.so/0cbd9986b7f64f92b3080e668f470578?pvs=21), 와이어프레임 구상 (https://www.notion.so/07b357bc648149ef81da4185a03eb03a?pvs=21)",
코드 통합본 ipynb파일 작성,2023년 1월 18일 오후 11:00 → 2023년 1월 19일 오후 9:00,"신건우[ 학부재학 / 산업경영공학부 ] ‍, 배지환[ 학부재학 / 산업경영공학부 ] ‍, 서재원[ 학부재학 / 산업경영공학부 ] ‍",진행 중,"무신사 코디숍 사진 라벨링(1610장) (https://www.notion.so/1610-14601c529f2840ae967b204c47d12093?pvs=21), 파이썬 인스타그램 크롤링 코드 구현 (https://www.notion.so/319fce20375d40e6abe80bcb7f82f32b?pvs=21), 파이썬 무신사 태그 정보 크롤링 코드 구현 (https://www.notion.so/5ffbbe89a8b74dc18146922db4cfd256?pvs=21), YOLOv5 이용 코디숍 사진 학습 (https://www.notion.so/YOLOv5-6383f1f7e5f74ec0851d68d3ff7a0e79?pvs=21), 학습된 YOLOv5 모델 이용 인플루언서 이미지 분류 및 결과 정리 (https://www.notion.so/YOLOv5-828023907814480599bcdde541ae3739?pvs=21), 추천시스템 알고리즘 구축 (https://www.notion.so/66d9a556cd4d42b4bce0506ff16aa7b2?pvs=21)",
보고서 마무리,2023년 1월 19일 오후 3:00 → 오후 8:00,"신건우[ 학부재학 / 산업경영공학부 ] ‍, 배지환[ 학부재학 / 산업경영공학부 ] ‍, 서재원[ 학부재학 / 산업경영공학부 ] ‍",진행 중,"추천시스템 흐름도 (https://www.notion.so/0cbd9986b7f64f92b3080e668f470578?pvs=21), 보고서 데이터 크롤링 부분 작성 (https://www.notion.so/10ec208051b6477e877e66c771189309?pvs=21), 보고서 프로젝트 배경 부분 작성 (https://www.notion.so/b10bb7b8bfef45d5a0e4e0b6a93c235f?pvs=21)",
PPT 발표,2023년 1월 19일 오후 9:00,배지환[ 학부재학 / 산업경영공학부 ] ‍,시작 전,PPT 작성 및 검토 (https://www.notion.so/PPT-f98059c9228f4e0791d5102576364432?pvs=21),
와이어프레임 구상,2023년 1월 18일 오후 11:00 → 2023년 1월 19일 오전 1:00,윤호열[ 학부재학 / 산업경영공학부 ] ‍,완료,,figma 프로토타입 (https://www.notion.so/figma-f7aa046616fa4374976d29516bfdf6fb?pvs=21)
태그 데이터 전처리 및 NLP 모델 구축,2023년 1월 17일 오후 12:00 → 2023년 1월 19일 오후 5:00,배지환[ 학부재학 / 산업경영공학부 ] ‍,완료,"파이썬 무신사 태그 정보 크롤링 (https://www.notion.so/454063e5dd0940af84325f3174d542ad?pvs=21), 파이썬 인스타그램 크롤링 (https://www.notion.so/b441e74364d44de5bcdb1b636dc5f4d8?pvs=21)",추천시스템 알고리즘 구축 (https://www.notion.so/66d9a556cd4d42b4bce0506ff16aa7b2?pvs=21)
추천시스템 알고리즘 구축,2023년 1월 19일 오후 5:00 → 오후 9:00,배지환[ 학부재학 / 산업경영공학부 ] ‍,진행 중,태그 데이터 전처리 및 NLP 모델 구축 (https://www.notion.so/NLP-164944e1606044d2a4ff16fc46845751?pvs=21),코드 통합본 ipynb파일 작성 (https://www.notion.so/ipynb-c2ea857865464d43a5d68cc839664a23?pvs=21)